POSITION	REF	VAR	AF_d53	depth_d53
197	G	T	0.0132	15641
601	G	T	0.0128	11848
810	C	T	0.0102	11414
1111	A	T	0.0177	4242
1112	G	T	0.0162	4317
1142	T	A	0.0142	5718
1766	C	G	0.0198	10267
1769	G	T	0.0189	10184
2180	G	A	0.0165	6178
2419	T	C	0.2241	4802
3454	G	T	0.0533	3993
3470	G	T	0.0345	4148
3487	A	C	0.0296	4489
4307	C	A	0.0233	1935
5171	C	A	0.0363	2174
5271	C	T	0.0252	3374
5730	G	C	0.0177	5365
6186	T	A	0.0277	5810
6193	A	T	0.0508	6457
6194	A	C	0.0476	6369
6241	G	T	0.0262	11392
6242	C	T	0.0125	11521
6263	A	C	0.0118	14718
6268	A	G	0.011	15665
6269	A	G	0.0121	15727
6272	C	T	0.0121	16088
6273	C	T	0.0121	16134
6278	G	T	0.0122	18496
6591	A	G	0.0492	2195
7068	C	T	0.713	1603
7201	G	T	0.0206	2572
7494	A	C	0.0408	2889
7613	A	T	0.083	3134
7703	C	G	0.0158	4568
7708	C	A	0.0216	4677
7816	G	T	0.0208	3657
8027	A	G	0.0257	7131
9022	G	T	0.0209	4452
9047	A	C	0.0402	4748
9233	C	T	0.0186	4030
9236	G	T	0.0187	4220
9757	G	T	0.0259	3942
10052	G	T	0.022	4456
10230	T	C	0.0152	5401
10422	A	T	0.0323	4619
10468	G	A	0.0232	4732
10701	C	T	0.024	5865
11070	G	T	0.0472	3536
12192	G	T	0.0265	6048
12373	G	T	0.0174	3166
13377	G	T	0.014	13115
13380	G	T	0.0181	13144
14322	G	T	0.0447	2371
14751	T	C	0.0141	6650
14757	C	A	0.0124	6852
14857	A	G	0.0124	6926
14947	A	T	0.0119	5707
15947	C	T	0.0918	11191
16149	A	T	0.0437	8012
16152	A	T	0.0429	8353
16824	G	T	0.0248	4879
17265	G	T	0.0234	4367
17353	C	A	0.0181	7631
17530	T	A	0.0098	5837
18581	A	T	0.0437	4940
18829	A	T	0.052	9961
18835	C	G	0.022	10293
19446	A	T	0.0111	8888
19447	T	A	0.0119	8889
19448	A	T	0.0106	8844
19502	A	G	0.0942	9113
19737	G	T	0.0191	2560
20062	A	T	0.0294	2963
20066	A	T	0.0611	3012
20250	G	T	0.0283	2687
20288	A	C	0.026	4304
20295	T	A	0.0295	4437
20296	A	T	0.0317	4442
20297	T	A	0.0293	4434
20304	G	T	0.0357	4560
20703	A	T	0.0321	4265
20979	A	T	0.0188	3193
21132	C	T	0.0205	3763
21557	T	G	0.2927	2296
21625	C	T	0.0215	3117
21729	C	A	0.0331	2748
21780	G	T	0.0273	3406
22363	T	C	0.9982	2258
22999	G	A	0.3156	2868
23027	G	A	1.0	2830
23029	T	C	0.9976	2906
23254	A	T	0.0315	5584
23487	T	C	0.0255	6554
23517	C	A	0.0157	9099
23541	A	G	0.0269	10466
23562	C	T	0.1191	10276
23973	T	C	0.0186	3932
24307	C	A	0.0208	5769
24694	C	A	0.0527	5583
24782	C	T	0.0137	5565
25020	G	T	0.0959	4462
26076	T	A	0.0148	17463
26111	C	T	0.0194	21144
26492	G	A	0.0384	4612
26529	C	A	0.0317	6248
26532	T	G	0.0298	6210
26632	C	T	0.031	5261
26692	T	A	0.0133	6684
26752	T	G	0.0159	12411
27833	T	C	0.0119	6297
28243	C	A	0.0171	13095
28267	G	T	0.0127	17429
28389	A	C	0.0103	18391
28548	T	G	0.0243	8740
28988	G	T	0.0225	16020
28989	C	T	0.0211	16314
28993	A	T	0.0227	16490
29026	A	T	0.0113	16577
29127	G	C	0.0263	15376
