POSITION	REF	VAR	AF_d75	depth_d75
213	A	C	0.0209	22610
259	A	C	0.0233	30502
1906	C	T	0.014	24571
2133	C	T	0.0917	13287
2419	T	C	0.4056	12798
3194	A	T	0.0111	20588
3454	G	T	0.0295	15144
3470	G	T	0.0271	15031
3479	A	T	0.0239	15951
3861	C	T	0.0317	15889
3989	C	T	0.0235	13364
6193	A	T	0.0519	15578
6217	C	G	0.0226	19992
6241	G	T	0.03	22555
6242	C	T	0.0194	22739
6244	A	G	0.0094	22972
6263	A	C	0.0117	27272
6272	C	T	0.0131	29153
6273	C	T	0.0134	29066
6278	G	T	0.0126	32267
6280	A	G	0.0328	32427
6381	T	C	0.0293	33982
6591	A	G	0.0325	10513
7068	C	T	0.4339	6589
7446	G	A	0.0566	7152
7613	A	T	0.0428	12416
7736	C	T	0.01	16173
7850	A	T	0.0114	14324
7968	A	G	0.0161	16381
9022	G	T	0.023	15629
9390	T	A	0.0096	20162
10123	A	T	0.0172	17129
10422	A	T	0.0271	15209
10884	A	T	0.0556	15801
12228	C	T	0.0435	15467
12446	C	T	0.0457	12799
13159	G	A	0.013	25056
13316	C	T	0.0148	22295
13377	G	T	0.0081	31423
13380	G	T	0.0103	31460
15068	C	T	0.0463	16891
15212	T	C	0.012	22375
15213	G	A	0.0121	22308
16149	A	T	0.0233	26839
16152	A	T	0.021	27637
16325	C	T	0.0096	32623
16587	T	A	0.0111	15594
16824	G	T	0.0155	18038
16864	C	T	0.0441	21772
17353	C	A	0.0088	22927
17473	T	A	0.0075	22868
17677	C	T	0.0163	14684
17788	C	T	0.0248	15867
17914	C	A	0.0084	13659
17921	C	A	0.0103	14542
18835	C	G	0.0313	31921
19162	A	G	0.0156	13171
20423	C	T	0.0233	12374
20467	C	T	0.1519	11332
20703	A	T	0.0197	12537
21557	T	G	0.4689	9970
21609	C	A	0.0139	12014
21625	C	T	0.0138	12314
21626	C	T	0.1544	12430
22165	A	T	0.0155	4117
22363	T	C	0.938	7757
22999	G	A	0.3259	9870
23027	G	A	0.7524	9478
23029	T	C	0.6932	9804
23050	A	T	0.1748	9490
23529	T	C	0.0215	27698
23562	C	T	0.3016	26927
23578	C	A	0.0177	25930
24010	C	T	0.0206	8882
24694	C	A	0.0158	13458
24782	C	T	0.1589	14095
25020	G	T	0.0165	12875
25093	G	C	0.0287	16526
25830	A	C	0.028	19197
26076	T	A	0.0113	40622
26529	C	A	0.0237	13339
26612	C	A	0.0101	13233
26668	C	T	0.0113	14380
26788	C	T	0.0254	24241
27073	A	T	0.0107	25144
27143	A	C	0.0086	23441
27332	A	T	0.0172	6676
27636	C	T	0.0144	10778
27671	C	T	0.0198	11752
27709	T	A	0.0132	13522
28074	C	T	0.0344	14495
28267	G	T	0.0204	28169
28331	C	T	0.0258	29924
28499	C	G	0.0349	21426
28548	T	G	0.0304	18185
28989	C	T	0.0395	22075
28993	A	T	0.0399	22239
29026	A	T	0.0172	22493
29127	G	C	0.0173	23826
29453	C	T	0.0164	18953
29532	C	T	0.0672	19850
29695	C	T	0.0207	11231
