POSITION	REF	VAR	AF_d28	depth_d28	AF_d39	depth_d39	AF_d53	depth_d53	AF_d75	depth_d75
2419	T	C	0.0	0.0	0.0576	10586.0	0.2241	4802.0	0.4056	12798
7068	C	T	0.0	0.0	0.562	3799.0	0.713	1603.0	0.4339	6589
7613	A	T	0.1299	2301.0	0.0965	6324.0	0.083	3134.0	0.0428	12416
20467	C	T	0.0	0.0	0.0	0.0	0.0	0.0	0.1519	11332
21557	T	G	0.0	0.0	0.0444	5806.0	0.2927	2296.0	0.4689	9970
21626	C	T	0.0	0.0	0.0	0.0	0.0	0.0	0.1544	12430
22363	T	C	0.0	0.0	0.9992	5900.0	0.9982	2258.0	0.938	7757
22999	G	A	0.0	0.0	0.4587	6634.0	0.3156	2868.0	0.3259	9870
23027	G	A	0.0	0.0	1.0	5919.0	1.0	2830.0	0.7524	9478
23029	T	C	0.0	0.0	0.9995	6274.0	0.9976	2906.0	0.6932	9804
23050	A	T	0.0	0.0	0.0	0.0	0.0	0.0	0.1748	9490
23562	C	T	0.0	0.0	0.0247	26902.0	0.1191	10276.0	0.3016	26927
24782	C	T	0.0	0.0	0.0	0.0	0.0137	5565.0	0.1589	14095
